gender,accuracy,selection_rate
F,0.6251171508903468,0.5189003436426117
M,0.8345837799214005,0.5355484101464809
