gender,accuracy,selection_rate
F,1.0,0.18275538894095594
M,1.0,0.5023222579492675
